categories_name,categories_url,categories_categories_product_image,categories_categories_product_styles,categories_categories_product_styles_url,categories_categories_product_price,categories_categories_product_quality
View All,https://www2.hm.com/en_asia1/ladies/shop-by-product/view-all.html,"https://lp2.hm.com/hmgoepprod?set=source[/88/44/8844c661c5adfea922453b7ca27d959e7184008f.jpg],origin[dam],category[ladies_dresses_maxidresses],type[LOOKBOOK],res[y],hmver[1]&call=url[file:/product/main]",Long lace dress,https://www2.hm.com/en_asia1/productpage.0661822001.html,"HK$1,990.00",
View All,https://www2.hm.com/en_asia1/ladies/shop-by-product/view-all.html,"https://lp2.hm.com/hmgoepprod?set=source[/80/7c/807ca1e09211d40572f2ee1357c60b07790a52e4.jpg],origin[dam],category[ladies_cardigansjumpers_jumpers],type[LOOKBOOK],res[y],hmver[1]&call=url[file:/product/main]",Cashmere jumper,https://www2.hm.com/en_asia1/productpage.0629061001.html,HK$999.00,PREMIUM QUALITY
View All,https://www2.hm.com/en_asia1/ladies/shop-by-product/view-all.html,"https://lp2.hm.com/hmgoepprod?set=source[/37/c0/37c0b5acf904aee9c3036b09804216d2a8833e17.jpg],origin[dam],category[ladies_jacketscoats_coats],type[DESCRIPTIVESTILLLIFE],res[y],hmver[1]&call=url[file:/product/main]",Trenchcoat,https://www2.hm.com/en_asia1/productpage.0611641001.html,"HK$1,490.00",PREMIUM QUALITY
View All,https://www2.hm.com/en_asia1/ladies/shop-by-product/view-all.html,"https://lp2.hm.com/hmgoepprod?set=source[/b3/ef/b3efeea27a7cded9f53aa8e949ce02c8312719c9.jpg],origin[dam],category[ladies_dresses_mididresses],type[LOOKBOOK],res[y],hmver[1]&call=url[file:/product/main]",Lace dress,https://www2.hm.com/en_asia1/productpage.0608007005.html,HK$699.00,
View All,https://www2.hm.com/en_asia1/ladies/shop-by-product/view-all.html,"https://lp2.hm.com/hmgoepprod?set=source[/a1/57/a15769ffd8c3b1692e5be224fd9707a59ba59fee.jpg],origin[dam],category[ladies_dresses_shortdresses],type[LOOKBOOK],res[y],hmver[1]&call=url[file:/product/main]",V-neck dress,https://www2.hm.com/en_asia1/productpage.0646960001.html,HK$599.00,
View All,https://www2.hm.com/en_asia1/ladies/shop-by-product/view-all.html,"https://lp2.hm.com/hmgoepprod?set=source[/9f/f3/9ff312f951e8dae1a9dbd351f4f870cb92e30b4c.jpg],origin[dam],category[ladies_dresses_maxidresses],type[LOOKBOOK],res[y],hmver[2]&call=url[file:/product/main]",Satin maxi dress,https://www2.hm.com/en_asia1/productpage.0647977001.html,HK$599.00,
View All,https://www2.hm.com/en_asia1/ladies/shop-by-product/view-all.html,"https://lp2.hm.com/hmgoepprod?set=source[/e7/12/e7126a56e3b7b84d81b04a74f20780bafcb07510.jpg],origin[dam],category[ladies_jeans_skinny_skinnyhigh],type[LOOKBOOK],res[y],hmver[1]&call=url[file:/product/main]",Skinny High Ankle Jeans,https://www2.hm.com/en_asia1/productpage.0677999001.html,HK$349.00,
View All,https://www2.hm.com/en_asia1/ladies/shop-by-product/view-all.html,"https://lp2.hm.com/hmgoepprod?set=source[/88/ce/88ced3fc1c3e263369f24e1ee24d08a0bcff0ac5.jpg],origin[dam],category[ladies_cardigansjumpers_jumpers],type[LOOKBOOK],res[y],hmver[1]&call=url[file:/product/main]",V-neck cashmere jumper,https://www2.hm.com/en_asia1/productpage.0628978002.html,HK$999.00,PREMIUM QUALITY
View All,https://www2.hm.com/en_asia1/ladies/shop-by-product/view-all.html,"https://lp2.hm.com/hmgoepprod?set=source[/d8/57/d8577c5ac888d54939038e20f79e1ba18d57762c.jpg],origin[dam],category[],type[LOOKBOOK],res[y],hmver[1]&call=url[file:/product/main]",Tailored jumpsuit,https://www2.hm.com/en_asia1/productpage.0662418001.html,HK$499.00,
View All,https://www2.hm.com/en_asia1/ladies/shop-by-product/view-all.html,"https://lp2.hm.com/hmgoepprod?set=source[/53/6f/536f59130b56118187701e831f55ed38e88135b9.jpg],origin[dam],category[ladies_dresses_maxidresses],type[LOOKBOOK],res[y],hmver[2]&call=url[file:/product/main]",Chiffon halterneck dress,https://www2.hm.com/en_asia1/productpage.0646845001.html,HK$499.00,
View All,https://www2.hm.com/en_asia1/ladies/shop-by-product/view-all.html,"https://lp2.hm.com/hmgoepprod?set=source[/3d/8e/3d8e9a036d55ad7f036b4bd7c90496abf5f4b2ed.jpg],origin[dam],category[ladies_dresses_shortdresses],type[LOOKBOOK],res[y],hmver[1]&call=url[file:/product/main]",Wrap dress,https://www2.hm.com/en_asia1/productpage.0652746001.html,HK$499.00,
View All,https://www2.hm.com/en_asia1/ladies/shop-by-product/view-all.html,"https://lp2.hm.com/hmgoepprod?set=source[/40/12/4012fa8803d30202971618a4dc0cf7536007a7d3.jpg],origin[dam],category[ladies_blazerswaistcoats_blazers],type[LOOKBOOK],res[y],hmver[1]&call=url[file:/product/main]",Double-breasted jacket,https://www2.hm.com/en_asia1/productpage.0639192002.html,HK$399.00,
View All,https://www2.hm.com/en_asia1/ladies/shop-by-product/view-all.html,"https://lp2.hm.com/hmgoepprod?set=source[/d6/f4/d6f4b816ed71a8f1304d440336185799ea90f3b1.jpg],origin[dam],category[],type[LOOKBOOK],res[y],hmver[1]&call=url[file:/product/main]",Calf-length shirt dress,https://www2.hm.com/en_asia1/productpage.0708286001.html,HK$299.00,
View All,https://www2.hm.com/en_asia1/ladies/shop-by-product/view-all.html,"https://lp2.hm.com/hmgoepprod?set=source[/4c/13/4c13931112e4542d8028f04521a1d11d4cfbeb33.jpg],origin[dam],category[ladies_jacketscoats_jackets],type[LOOKBOOK],res[y],hmver[1]&call=url[file:/product/main]",Shawl collar jacket,https://www2.hm.com/en_asia1/productpage.0662075004.html,HK$399.00,
View All,https://www2.hm.com/en_asia1/ladies/shop-by-product/view-all.html,"https://lp2.hm.com/hmgoepprod?set=source[/96/7a/967a2f015a916c18abd4cee62fe64fa734a309d3.jpg],origin[dam],category[],type[LOOKBOOK],res[y],hmver[1]&call=url[file:/product/main]",Patterned jumpsuit,https://www2.hm.com/en_asia1/productpage.0666243001.html,HK$399.00,
View All,https://www2.hm.com/en_asia1/ladies/shop-by-product/view-all.html,"https://lp2.hm.com/hmgoepprod?set=source[/04/a7/04a7abdd041c7a19e81455267e579364b5554d09.jpg],origin[dam],category[ladies_blazerswaistcoats_blazers],type[LOOKBOOK],res[y],hmver[1]&call=url[file:/product/main]",Jacket with ties,https://www2.hm.com/en_asia1/productpage.0636898002.html,HK$399.00,
View All,https://www2.hm.com/en_asia1/ladies/shop-by-product/view-all.html,"https://lp2.hm.com/hmgoepprod?set=source[/32/89/328969f45c8f97c0a83cab63f0f86bcedcb778ae.jpg],origin[dam],category[],type[LOOKBOOK],res[y],hmver[1]&call=url[file:/product/main]",Dress with a tulle skirt,https://www2.hm.com/en_asia1/productpage.0682573001.html,"HK$2,490.00",
View All,https://www2.hm.com/en_asia1/ladies/shop-by-product/view-all.html,"https://lp2.hm.com/hmgoepprod?set=source[/40/74/4074128b4c3cbb34d3faa798dd8818ba0d4625fc.jpg],origin[dam],category[],type[LOOKBOOK],res[y],hmver[1]&call=url[file:/product/main]",V-neck cashmere jumper,https://www2.hm.com/en_asia1/productpage.0682571003.html,HK$999.00,
View All,https://www2.hm.com/en_asia1/ladies/shop-by-product/view-all.html,"https://lp2.hm.com/hmgoepprod?set=source[/23/c1/23c180aa67b93693992e20f884d34a9735f1b516.jpg],origin[dam],category[],type[LOOKBOOK],res[y],hmver[1]&call=url[file:/product/main]",Dress with lace,https://www2.hm.com/en_asia1/productpage.0682582001.html,HK$799.00,
View All,https://www2.hm.com/en_asia1/ladies/shop-by-product/view-all.html,"https://lp2.hm.com/hmgoepprod?set=source[/e6/69/e6693c9d21c9b53ebbb3149ea6f4e84a7caf2031.jpg],origin[dam],category[],type[LOOKBOOK],res[y],hmver[1]&call=url[file:/product/main]",Knee-length wool skirt,https://www2.hm.com/en_asia1/productpage.0685381001.html,"HK$1,290.00",
View All,https://www2.hm.com/en_asia1/ladies/shop-by-product/view-all.html,,Trumpet-sleeved dress,https://www2.hm.com/en_asia1/productpage.0685744001.html,HK$299.00,
View All,https://www2.hm.com/en_asia1/ladies/shop-by-product/view-all.html,,Cotton blouse with lace,https://www2.hm.com/en_asia1/productpage.0685196002.html,HK$699.00,
View All,https://www2.hm.com/en_asia1/ladies/shop-by-product/view-all.html,,Airy frilled blouse,https://www2.hm.com/en_asia1/productpage.0689208003.html,HK$349.00,
View All,https://www2.hm.com/en_asia1/ladies/shop-by-product/view-all.html,,Flounced dress,https://www2.hm.com/en_asia1/productpage.0682581001.html,"HK$1,490.00",
View All,https://www2.hm.com/en_asia1/ladies/shop-by-product/view-all.html,,Sequin-embroidered blouse,https://www2.hm.com/en_asia1/productpage.0685159001.html,"HK$1,990.00",
View All,https://www2.hm.com/en_asia1/ladies/shop-by-product/view-all.html,,Silk-blend dress,https://www2.hm.com/en_asia1/productpage.0682580001.html,HK$899.00,
View All,https://www2.hm.com/en_asia1/ladies/shop-by-product/view-all.html,,MAMA 2-pack nursing tops,https://www2.hm.com/en_asia1/productpage.0534164001.html,HK$199.00,
View All,https://www2.hm.com/en_asia1/ladies/shop-by-product/view-all.html,,Corduroy jacket,https://www2.hm.com/en_asia1/productpage.0669105001.html,HK$699.00,
View All,https://www2.hm.com/en_asia1/ladies/shop-by-product/view-all.html,,Skirt with beaded fringes,https://www2.hm.com/en_asia1/productpage.0690917003.html,HK$599.00,
View All,https://www2.hm.com/en_asia1/ladies/shop-by-product/view-all.html,,Fine-knit wool-blend jumper,https://www2.hm.com/en_asia1/productpage.0685170002.html,HK$499.00,
View All,https://www2.hm.com/en_asia1/ladies/shop-by-product/view-all.html,,MAMA 2-pack nursing bras,https://www2.hm.com/en_asia1/productpage.0567532004.html,HK$249.00,
View All,https://www2.hm.com/en_asia1/ladies/shop-by-product/view-all.html,,Short sequined dress,https://www2.hm.com/en_asia1/productpage.0685156001.html,HK$999.00,
View All,https://www2.hm.com/en_asia1/ladies/shop-by-product/view-all.html,,Faux fur jacket,https://www2.hm.com/en_asia1/productpage.0549607002.html,HK$999.00,
View All,https://www2.hm.com/en_asia1/ladies/shop-by-product/view-all.html,,Large clip earrings,https://www2.hm.com/en_asia1/productpage.0683136001.html,HK$299.00,
View All,https://www2.hm.com/en_asia1/ladies/shop-by-product/view-all.html,,V-neck cashmere jumper,https://www2.hm.com/en_asia1/productpage.0628978001.html,HK$999.00,PREMIUM QUALITY
View All,https://www2.hm.com/en_asia1/ladies/shop-by-product/view-all.html,,Velvet skirt,https://www2.hm.com/en_asia1/productpage.0685193001.html,HK$499.00,
Dresses,https://www2.hm.com/en_asia1/ladies/shop-by-product/dresses.html,"https://lp2.hm.com/hmgoepprod?set=source[/88/44/8844c661c5adfea922453b7ca27d959e7184008f.jpg],origin[dam],category[ladies_dresses_maxidresses],type[LOOKBOOK],res[y],hmver[1]&call=url[file:/product/main]",Long lace dress,https://www2.hm.com/en_asia1/productpage.0661822001.html,"HK$1,990.00",
Dresses,https://www2.hm.com/en_asia1/ladies/shop-by-product/dresses.html,"https://lp2.hm.com/hmgoepprod?set=source[/b3/ef/b3efeea27a7cded9f53aa8e949ce02c8312719c9.jpg],origin[dam],category[ladies_dresses_mididresses],type[LOOKBOOK],res[y],hmver[1]&call=url[file:/product/main]",Lace dress,https://www2.hm.com/en_asia1/productpage.0608007005.html,HK$699.00,
Dresses,https://www2.hm.com/en_asia1/ladies/shop-by-product/dresses.html,"https://lp2.hm.com/hmgoepprod?set=source[/07/7a/077a389961f11dca7198cbd86dcb64d6a8b830dc.jpg],origin[dam],category[ladies_dresses_shortdresses],type[DESCRIPTIVESTILLLIFE],res[y],hmver[1]&call=url[file:/product/main]",V-neck dress,https://www2.hm.com/en_asia1/productpage.0646960001.html,HK$599.00,
Dresses,https://www2.hm.com/en_asia1/ladies/shop-by-product/dresses.html,"https://lp2.hm.com/hmgoepprod?set=source[/9f/f3/9ff312f951e8dae1a9dbd351f4f870cb92e30b4c.jpg],origin[dam],category[ladies_dresses_maxidresses],type[LOOKBOOK],res[y],hmver[2]&call=url[file:/product/main]",Satin maxi dress,https://www2.hm.com/en_asia1/productpage.0647977001.html,HK$599.00,
Dresses,https://www2.hm.com/en_asia1/ladies/shop-by-product/dresses.html,"https://lp2.hm.com/hmgoepprod?set=source[/53/6f/536f59130b56118187701e831f55ed38e88135b9.jpg],origin[dam],category[ladies_dresses_maxidresses],type[LOOKBOOK],res[y],hmver[2]&call=url[file:/product/main]",Chiffon halterneck dress,https://www2.hm.com/en_asia1/productpage.0646845001.html,HK$499.00,
Dresses,https://www2.hm.com/en_asia1/ladies/shop-by-product/dresses.html,"https://lp2.hm.com/hmgoepprod?set=source[/3d/8e/3d8e9a036d55ad7f036b4bd7c90496abf5f4b2ed.jpg],origin[dam],category[ladies_dresses_shortdresses],type[LOOKBOOK],res[y],hmver[1]&call=url[file:/product/main]",Wrap dress,https://www2.hm.com/en_asia1/productpage.0652746001.html,HK$499.00,
Dresses,https://www2.hm.com/en_asia1/ladies/shop-by-product/dresses.html,"https://lp2.hm.com/hmgoepprod?set=source[/d6/f4/d6f4b816ed71a8f1304d440336185799ea90f3b1.jpg],origin[dam],category[],type[LOOKBOOK],res[y],hmver[1]&call=url[file:/product/main]",Calf-length shirt dress,https://www2.hm.com/en_asia1/productpage.0708286001.html,HK$299.00,
Dresses,https://www2.hm.com/en_asia1/ladies/shop-by-product/dresses.html,"https://lp2.hm.com/hmgoepprod?set=source[/32/89/328969f45c8f97c0a83cab63f0f86bcedcb778ae.jpg],origin[dam],category[],type[LOOKBOOK],res[y],hmver[1]&call=url[file:/product/main]",Dress with a tulle skirt,https://www2.hm.com/en_asia1/productpage.0682573001.html,"HK$2,490.00",
Dresses,https://www2.hm.com/en_asia1/ladies/shop-by-product/dresses.html,"https://lp2.hm.com/hmgoepprod?set=source[/23/c1/23c180aa67b93693992e20f884d34a9735f1b516.jpg],origin[dam],category[],type[LOOKBOOK],res[y],hmver[1]&call=url[file:/product/main]",Dress with lace,https://www2.hm.com/en_asia1/productpage.0682582001.html,HK$799.00,
Dresses,https://www2.hm.com/en_asia1/ladies/shop-by-product/dresses.html,"https://lp2.hm.com/hmgoepprod?set=source[/41/ec/41ec3cb036f2e1daab24c83982f58de3ff0f21ae.jpg],origin[dam],category[ladies_dresses_shortdresses],type[LOOKBOOK],res[y],hmver[1]&call=url[file:/product/main]",Trumpet-sleeved dress,https://www2.hm.com/en_asia1/productpage.0685744001.html,HK$299.00,
Dresses,https://www2.hm.com/en_asia1/ladies/shop-by-product/dresses.html,"https://lp2.hm.com/hmgoepprod?set=source[/65/32/65320533bc8cfb9e105625a11f4fb7eda485b8db.jpg],origin[dam],category[],type[LOOKBOOK],res[y],hmver[1]&call=url[file:/product/main]",Flounced dress,https://www2.hm.com/en_asia1/productpage.0682581001.html,"HK$1,490.00",
Dresses,https://www2.hm.com/en_asia1/ladies/shop-by-product/dresses.html,"https://lp2.hm.com/hmgoepprod?set=source[/e0/a2/e0a22ba675e279e034ebea409c2cd73b8c77ca5b.jpg],origin[dam],category[],type[LOOKBOOK],res[y],hmver[1]&call=url[file:/product/main]",Silk-blend dress,https://www2.hm.com/en_asia1/productpage.0682580001.html,HK$899.00,
Dresses,https://www2.hm.com/en_asia1/ladies/shop-by-product/dresses.html,"https://lp2.hm.com/hmgoepprod?set=source[/7c/38/7c3891a1236751d7e2ca57a20311984e38e22fee.jpg],origin[dam],category[],type[LOOKBOOK],res[y],hmver[1]&call=url[file:/product/main]",Short sequined dress,https://www2.hm.com/en_asia1/productpage.0685156001.html,HK$999.00,
Dresses,https://www2.hm.com/en_asia1/ladies/shop-by-product/dresses.html,"https://lp2.hm.com/hmgoepprod?set=source[/28/19/2819bc8d9cef62f90876a7afc2d7fa8cb2b595bb.jpg],origin[dam],category[ladies_dresses_mididresses],type[LOOKBOOK],res[y],hmver[1]&call=url[file:/product/main]",Patterned dress,https://www2.hm.com/en_asia1/productpage.0665630001.html,HK$299.00,
Dresses,https://www2.hm.com/en_asia1/ladies/shop-by-product/dresses.html,"https://lp2.hm.com/hmgoepprod?set=source[/d7/b0/d7b0582c92802fa0419881ba7fbab05138e29b0b.jpg],origin[dam],category[ladies_dresses_maxidresses],type[LOOKBOOK],res[y],hmver[1]&call=url[file:/product/main]",Long draped dress,https://www2.hm.com/en_asia1/productpage.0658287002.html,HK$399.00,
Dresses,https://www2.hm.com/en_asia1/ladies/shop-by-product/dresses.html,"https://lp2.hm.com/hmgoepprod?set=source[/9d/34/9d34fd787d8c5f542fd8a3ac3c8274a1c2fa54dd.jpg],origin[dam],category[],type[LOOKBOOK],res[y],hmver[1]&call=url[file:/product/main]",V-neck wrap dress,https://www2.hm.com/en_asia1/productpage.0663679002.html,HK$249.00,
Dresses,https://www2.hm.com/en_asia1/ladies/shop-by-product/dresses.html,"https://lp2.hm.com/hmgoepprod?set=source[/a9/52/a9520da8484c866ade5c303e7ac2f2506639bdd8.jpg],origin[dam],category[ladies_dresses_shortdresses],type[DESCRIPTIVESTILLLIFE],res[y],hmver[1]&call=url[file:/product/main]",Short lace dress,https://www2.hm.com/en_asia1/productpage.0610601003.html,HK$499.00,
Dresses,https://www2.hm.com/en_asia1/ladies/shop-by-product/dresses.html,"https://lp2.hm.com/hmgoepprod?set=source[/02/34/0234d16793be8758b50fd55dc938b558fae27a3d.jpg],origin[dam],category[ladies_dresses_maxidresses],type[LOOKBOOK],res[y],hmver[1]&call=url[file:/product/main]",Long V-neck dress,https://www2.hm.com/en_asia1/productpage.0640141001.html,HK$699.00,
Dresses,https://www2.hm.com/en_asia1/ladies/shop-by-product/dresses.html,"https://lp2.hm.com/hmgoepprod?set=source[/da/2c/da2c03158b4244599e282eb1011b649b290befb9.jpg],origin[dam],category[],type[LOOKBOOK],res[y],hmver[1]&call=url[file:/product/main]",V-neck dress,https://www2.hm.com/en_asia1/productpage.0685449001.html,HK$999.00,
Dresses,https://www2.hm.com/en_asia1/ladies/shop-by-product/dresses.html,"https://lp2.hm.com/hmgoepprod?set=source[/8b/c9/8bc961bb4fe6f6161af49ebf84c3b5d090a1d24a.jpg],origin[dam],category[ladies_dresses_maxidresses],type[LOOKBOOK],res[y],hmver[1]&call=url[file:/product/main]",Cotton maxi dress,https://www2.hm.com/en_asia1/productpage.0681246004.html,HK$499.00,
Dresses,https://www2.hm.com/en_asia1/ladies/shop-by-product/dresses.html,,Dress with sparkly stones,https://www2.hm.com/en_asia1/productpage.0663566001.html,HK$499.00,
Dresses,https://www2.hm.com/en_asia1/ladies/shop-by-product/dresses.html,,Patterned silk dress,https://www2.hm.com/en_asia1/productpage.0682576001.html,"HK$1,790.00",
Dresses,https://www2.hm.com/en_asia1/ladies/shop-by-product/dresses.html,,Slip dress,https://www2.hm.com/en_asia1/productpage.0692452001.html,HK$699.00,
Dresses,https://www2.hm.com/en_asia1/ladies/shop-by-product/dresses.html,,Patterned dress,https://www2.hm.com/en_asia1/productpage.0699566001.html,HK$399.00,
Dresses,https://www2.hm.com/en_asia1/ladies/shop-by-product/dresses.html,,Short dress,https://www2.hm.com/en_asia1/productpage.0577512001.html,HK$299.00,
Dresses,https://www2.hm.com/en_asia1/ladies/shop-by-product/dresses.html,,Dress with a tie belt,https://www2.hm.com/en_asia1/productpage.0637566003.html,HK$299.00,
Dresses,https://www2.hm.com/en_asia1/ladies/shop-by-product/dresses.html,,Wrap dress,https://www2.hm.com/en_asia1/productpage.0612891005.html,HK$249.00,
Dresses,https://www2.hm.com/en_asia1/ladies/shop-by-product/dresses.html,,Dress with embroidery,https://www2.hm.com/en_asia1/productpage.0633464001.html,HK$999.00,
Dresses,https://www2.hm.com/en_asia1/ladies/shop-by-product/dresses.html,,Short dress,https://www2.hm.com/en_asia1/productpage.0577512007.html,HK$299.00,
Dresses,https://www2.hm.com/en_asia1/ladies/shop-by-product/dresses.html,,Puff-sleeved dress,https://www2.hm.com/en_asia1/productpage.0577513002.html,HK$299.00,
Dresses,https://www2.hm.com/en_asia1/ladies/shop-by-product/dresses.html,,Jacquard-weave dress,https://www2.hm.com/en_asia1/productpage.0682583001.html,"HK$1,490.00",
Dresses,https://www2.hm.com/en_asia1/ladies/shop-by-product/dresses.html,,Puff-sleeved dress,https://www2.hm.com/en_asia1/productpage.0685972001.html,HK$799.00,
Dresses,https://www2.hm.com/en_asia1/ladies/shop-by-product/dresses.html,,Lace dress,https://www2.hm.com/en_asia1/productpage.0608007003.html,HK$699.00,
Dresses,https://www2.hm.com/en_asia1/ladies/shop-by-product/dresses.html,,Lace dress,https://www2.hm.com/en_asia1/productpage.0608007002.html,HK$699.00,
Dresses,https://www2.hm.com/en_asia1/ladies/shop-by-product/dresses.html,,Patterned dress,https://www2.hm.com/en_asia1/productpage.0612152001.html,HK$349.00,
Dresses,https://www2.hm.com/en_asia1/ladies/shop-by-product/dresses.html,,Dress with embroidery,https://www2.hm.com/en_asia1/productpage.0669360004.html,HK$399.00,
Tops,https://www2.hm.com/en_asia1/ladies/shop-by-product/tops.html,"https://lp2.hm.com/hmgoepprod?set=source[/5c/f6/5cf6b00138d8a04c2cfb160490ec45b67a5676f3.jpg],origin[dam],category[ladies_tops_vests],type[LOOKBOOK],res[y],hmver[1]&call=url[file:/product/main]",Satin strappy top with lace,https://www2.hm.com/en_asia1/productpage.0681571001.html,HK$199.00,
Tops,https://www2.hm.com/en_asia1/ladies/shop-by-product/tops.html,"https://lp2.hm.com/hmgoepprod?set=source[/71/7e/717ee4d310439f78759e483616179e4c6bc89388.jpg],origin[dam],category[ladies_tops_vests],type[DESCRIPTIVESTILLLIFE],res[y],hmver[1]&call=url[file:/product/main]",Sleeveless top,https://www2.hm.com/en_asia1/productpage.0644183002.html,HK$299.00,
Tops,https://www2.hm.com/en_asia1/ladies/shop-by-product/tops.html,"https://lp2.hm.com/hmgoepprod?set=source[/70/b0/70b0293a60b1ca35d7c88b823b9b99b5e8e4e88d.jpg],origin[dam],category[],type[DESCRIPTIVESTILLLIFE],res[y],hmver[1]&call=url[file:/product/main]",Long-sleeved lace top,https://www2.hm.com/en_asia1/productpage.0679724001.html,HK$399.00,
Tops,https://www2.hm.com/en_asia1/ladies/shop-by-product/tops.html,"https://lp2.hm.com/hmgoepprod?set=source[/1b/56/1b56d2a480204d6e4e08f2bc543dad573004f417.jpg],origin[dam],category[ladies_tops_longsleeve],type[LOOKBOOK],res[y],hmver[1]&call=url[file:/product/main]",V-neck top,https://www2.hm.com/en_asia1/productpage.0719031002.html,HK$199.00,
Tops,https://www2.hm.com/en_asia1/ladies/shop-by-product/tops.html,"https://lp2.hm.com/hmgoepprod?set=source[/fa/ef/faef29c95aad565c52162293753f7ee7c1224131.jpg],origin[dam],category[ladies_tops_shortsleeve],type[LOOKBOOK],res[y],hmver[1]&call=url[file:/product/main]",Silk-blend jersey top,https://www2.hm.com/en_asia1/productpage.0692216003.html,HK$249.00,PREMIUM QUALITY
Tops,https://www2.hm.com/en_asia1/ladies/shop-by-product/tops.html,"https://lp2.hm.com/hmgoepprod?set=source[/ba/ec/baeca108eb14f7dcd8a491d247bfaa93e307ca31.jpg],origin[dam],category[],type[DESCRIPTIVESTILLLIFE],res[y],hmver[1]&call=url[file:/product/main]",Sleeveless top,https://www2.hm.com/en_asia1/productpage.0644183001.html,HK$299.00,
Tops,https://www2.hm.com/en_asia1/ladies/shop-by-product/tops.html,"https://lp2.hm.com/hmgoepprod?set=source[/93/c0/93c0f7e76c16bccf9e5c67e1d34cfd902d366467.jpg],origin[dam],category[ladies_tops_vests],type[LOOKBOOK],res[y],hmver[1]&call=url[file:/product/main]",Jersey vest top,https://www2.hm.com/en_asia1/productpage.0565379001.html,HK$49.90,
Tops,https://www2.hm.com/en_asia1/ladies/shop-by-product/tops.html,"https://lp2.hm.com/hmgoepprod?set=source[/c4/b1/c4b1a363cfa1c4e36efea0317b2d2dc6f6d078f2.jpg],origin[dam],category[],type[DESCRIPTIVESTILLLIFE],res[y],hmver[1]&call=url[file:/product/main]",Short jersey top,https://www2.hm.com/en_asia1/productpage.0612039001.html,HK$129.00,
Tops,https://www2.hm.com/en_asia1/ladies/shop-by-product/tops.html,"https://lp2.hm.com/hmgoepprod?set=source[/6a/06/6a06cae25c67041cb1e6b98052ee576ff2a5639c.jpg],origin[dam],category[ladies_tops_shortsleeve],type[LOOKBOOK],res[y],hmver[1]&call=url[file:/product/main]",One-shoulder top,https://www2.hm.com/en_asia1/productpage.0688713001.html,HK$249.00,
Tops,https://www2.hm.com/en_asia1/ladies/shop-by-product/tops.html,"https://lp2.hm.com/hmgoepprod?set=source[/9a/05/9a055eee708462b5ef97bd748aa650dabbb21ecd.jpg],origin[dam],category[],type[LOOKBOOK],res[y],hmver[1]&call=url[file:/product/main]",T-shirt with a motif,https://www2.hm.com/en_asia1/productpage.0701669001.html,HK$99.90,
Tops,https://www2.hm.com/en_asia1/ladies/shop-by-product/tops.html,"https://lp2.hm.com/hmgoepprod?set=source[/44/84/44841b95716d92ccb68121890ab356bf97cb67c7.jpg],origin[dam],category[ladies_tops_vests],type[LOOKBOOK],res[y],hmver[1]&call=url[file:/product/main]",Embroidered peplum top,https://www2.hm.com/en_asia1/productpage.0663825001.html,HK$299.00,
Tops,https://www2.hm.com/en_asia1/ladies/shop-by-product/tops.html,"https://lp2.hm.com/hmgoepprod?set=source[/d8/71/d8715ff2070ba998fb680c09cb345c129435d5ff.jpg],origin[dam],category[],type[DESCRIPTIVESTILLLIFE],res[y],hmver[2]&call=url[file:/product/main]",Cold shoulder top,https://www2.hm.com/en_asia1/productpage.0606738001.html,HK$249.00,
Tops,https://www2.hm.com/en_asia1/ladies/shop-by-product/tops.html,"https://lp2.hm.com/hmgoepprod?set=source[/42/9c/429c149d1ac59632ca72de67d131c91bf008183c.jpg],origin[dam],category[ladies_tops_vests],type[LOOKBOOK],res[y],hmver[1]&call=url[file:/product/main]",V-neck top,https://www2.hm.com/en_asia1/productpage.0607427005.html,HK$199.00,
Tops,https://www2.hm.com/en_asia1/ladies/shop-by-product/tops.html,"https://lp2.hm.com/hmgoepprod?set=source[/f7/ed/f7edab48f2d15fe7c761e8c6cb35e22c07cb066c.jpg],origin[dam],category[ladies_tops_vests],type[LOOKBOOK],res[y],hmver[1]&call=url[file:/product/main]",Lace top,https://www2.hm.com/en_asia1/productpage.0667357002.html,HK$349.00,
Tops,https://www2.hm.com/en_asia1/ladies/shop-by-product/tops.html,"https://lp2.hm.com/hmgoepprod?set=source[/7f/8c/7f8c0f2e8a24184d52dec75cc7737b20a495c5e8.jpg],origin[dam],category[ladies_tops_vests],type[LOOKBOOK],res[y],hmver[1]&call=url[file:/product/main]",Tie-hem satin top,https://www2.hm.com/en_asia1/productpage.0663577002.html,HK$299.00,
Tops,https://www2.hm.com/en_asia1/ladies/shop-by-product/tops.html,"https://lp2.hm.com/hmgoepprod?set=source[/65/34/6534705d739d8291fa97aa605288fb0f5694bbd8.jpg],origin[dam],category[ladies_tops_shortsleeve],type[LOOKBOOK],res[y],hmver[1]&call=url[file:/product/main]",One-shoulder top,https://www2.hm.com/en_asia1/productpage.0622060001.html,HK$249.00,
Tops,https://www2.hm.com/en_asia1/ladies/shop-by-product/tops.html,"https://lp2.hm.com/hmgoepprod?set=source[/4d/10/4d108b626fdd6e77f20c0e6fdbf58968e5ff0e39.jpg],origin[dam],category[ladies_tops_shortsleeve],type[LOOKBOOK],res[y],hmver[1]&call=url[file:/product/main]",Cr’épe top,https://www2.hm.com/en_asia1/productpage.0684588006.html,HK$149.00,
Tops,https://www2.hm.com/en_asia1/ladies/shop-by-product/tops.html,"https://lp2.hm.com/hmgoepprod?set=source[/61/9d/619dc88c90251d3b7214f0a61aff635950bc4079.jpg],origin[dam],category[ladies_tops_shortsleeve],type[LOOKBOOK],res[y],hmver[1]&call=url[file:/product/main]",Cr’épe top,https://www2.hm.com/en_asia1/productpage.0684588002.html,HK$149.00,
Tops,https://www2.hm.com/en_asia1/ladies/shop-by-product/tops.html,"https://lp2.hm.com/hmgoepprod?set=source[/e2/5e/e25ee524168f5da9993031b924e9c7798dbf67dc.jpg],origin[dam],category[ladies_tops_vests],type[LOOKBOOK],res[y],hmver[1]&call=url[file:/product/main]",Cashmere-blend strappy top,https://www2.hm.com/en_asia1/productpage.0697502001.html,HK$399.00,PREMIUM QUALITY
Tops,https://www2.hm.com/en_asia1/ladies/shop-by-product/tops.html,"https://lp2.hm.com/hmgoepprod?set=source[/f6/57/f657121e7c7955b5cf971a6d4bd2b8d0474b5b15.jpg],origin[dam],category[ladies_tops_vests],type[LOOKBOOK],res[y],hmver[1]&call=url[file:/product/main]",V-neck top,https://www2.hm.com/en_asia1/productpage.0663699001.html,HK$179.00,
Tops,https://www2.hm.com/en_asia1/ladies/shop-by-product/tops.html,,Cr’épe top,https://www2.hm.com/en_asia1/productpage.0637143002.html,HK$349.00,
Tops,https://www2.hm.com/en_asia1/ladies/shop-by-product/tops.html,,Top with broderie anglaise,https://www2.hm.com/en_asia1/productpage.0640651003.html,HK$149.00,
Tops,https://www2.hm.com/en_asia1/ladies/shop-by-product/tops.html,,Satin strappy top,https://www2.hm.com/en_asia1/productpage.0643985001.html,HK$149.00,
Tops,https://www2.hm.com/en_asia1/ladies/shop-by-product/tops.html,,Scallop-edged vest top,https://www2.hm.com/en_asia1/productpage.0584895003.html,HK$99.90,
Tops,https://www2.hm.com/en_asia1/ladies/shop-by-product/tops.html,,2-pack long-sleeved tops,https://www2.hm.com/en_asia1/productpage.0703991001.html,HK$149.00,
Tops,https://www2.hm.com/en_asia1/ladies/shop-by-product/tops.html,,Cr’épe top,https://www2.hm.com/en_asia1/productpage.0684588007.html,HK$149.00,
Tops,https://www2.hm.com/en_asia1/ladies/shop-by-product/tops.html,,Cr’épe top,https://www2.hm.com/en_asia1/productpage.0684588008.html,HK$149.00,
Tops,https://www2.hm.com/en_asia1/ladies/shop-by-product/tops.html,,T-shirt with a motif,https://www2.hm.com/en_asia1/productpage.0665092004.html,HK$99.90,
Tops,https://www2.hm.com/en_asia1/ladies/shop-by-product/tops.html,,Silk-blend jersey top,https://www2.hm.com/en_asia1/productpage.0692216005.html,HK$249.00,PREMIUM QUALITY
Tops,https://www2.hm.com/en_asia1/ladies/shop-by-product/tops.html,,Strappy satin top with lace,https://www2.hm.com/en_asia1/productpage.0513373004.html,HK$179.00,
Tops,https://www2.hm.com/en_asia1/ladies/shop-by-product/tops.html,,V-neck satin top,https://www2.hm.com/en_asia1/productpage.0652361001.html,HK$149.00,
Tops,https://www2.hm.com/en_asia1/ladies/shop-by-product/tops.html,,Satin top,https://www2.hm.com/en_asia1/productpage.0622228001.html,HK$249.00,
Tops,https://www2.hm.com/en_asia1/ladies/shop-by-product/tops.html,,Satin top,https://www2.hm.com/en_asia1/productpage.0622228002.html,HK$249.00,
Tops,https://www2.hm.com/en_asia1/ladies/shop-by-product/tops.html,,Crinkled top,https://www2.hm.com/en_asia1/productpage.0659983001.html,HK$249.00,
Tops,https://www2.hm.com/en_asia1/ladies/shop-by-product/tops.html,,V-neck T-shirt,https://www2.hm.com/en_asia1/productpage.0568137009.html,HK$79.90,
Tops,https://www2.hm.com/en_asia1/ladies/shop-by-product/tops.html,,Satin cami with lace,https://www2.hm.com/en_asia1/productpage.0628426002.html,HK$249.00,
Shirts & Blouses,https://www2.hm.com/en_asia1/ladies/shop-by-product/shirts-and-blouses.html,"https://lp2.hm.com/hmgoepprod?set=source[/c2/2a/c22abc9407eaca9b804db5903009acfaa7531c4e.jpg],origin[dam],category[],type[LOOKBOOK],res[y],hmver[1]&call=url[file:/product/main]",Cotton blouse with lace,https://www2.hm.com/en_asia1/productpage.0685196002.html,HK$699.00,
Shirts & Blouses,https://www2.hm.com/en_asia1/ladies/shop-by-product/shirts-and-blouses.html,"https://lp2.hm.com/hmgoepprod?set=source[/20/20/2020e72725dba4d6715d782ac96225b47f8d7e5e.jpg],origin[dam],category[ladies_shirtsblouses_blouses],type[LOOKBOOK],res[y],hmver[1]&call=url[file:/product/main]",Airy frilled blouse,https://www2.hm.com/en_asia1/productpage.0689208003.html,HK$349.00,
Shirts & Blouses,https://www2.hm.com/en_asia1/ladies/shop-by-product/shirts-and-blouses.html,"https://lp2.hm.com/hmgoepprod?set=source[/14/18/14185d43c423a620192e034b548704112ebe389d.jpg],origin[dam],category[],type[DESCRIPTIVESTILLLIFE],res[y],hmver[1]&call=url[file:/product/main]",Patterned blouse with ties,https://www2.hm.com/en_asia1/productpage.0704549001.html,HK$99.90,
Shirts & Blouses,https://www2.hm.com/en_asia1/ladies/shop-by-product/shirts-and-blouses.html,"https://lp2.hm.com/hmgoepprod?set=source[/6b/06/6b068031d0a778c88d20e9acf6e3235a2224b463.jpg],origin[dam],category[],type[LOOKBOOK],res[y],hmver[1]&call=url[file:/product/main]",Tie-collar shirt,https://www2.hm.com/en_asia1/productpage.0687114002.html,HK$599.00,
Shirts & Blouses,https://www2.hm.com/en_asia1/ladies/shop-by-product/shirts-and-blouses.html,"https://lp2.hm.com/hmgoepprod?set=source[/98/7f/987fc110dbd13e4720af28ff5a6ad0c4715f3cbf.jpg],origin[dam],category[],type[LOOKBOOK],res[y],hmver[1]&call=url[file:/product/main]",Lyocell-blend blouse,https://www2.hm.com/en_asia1/productpage.0685158001.html,HK$599.00,
Shirts & Blouses,https://www2.hm.com/en_asia1/ladies/shop-by-product/shirts-and-blouses.html,"https://lp2.hm.com/hmgoepprod?set=source[/cf/d6/cfd67278757564fae23a3bd1b2da9d553937aa4f.jpg],origin[dam],category[ladies_shirtsblouses_blouses],type[LOOKBOOK],res[y],hmver[1]&call=url[file:/product/main]",Jacquard weave wrapover blouse,https://www2.hm.com/en_asia1/productpage.0705973003.html,HK$299.00,
Shirts & Blouses,https://www2.hm.com/en_asia1/ladies/shop-by-product/shirts-and-blouses.html,"https://lp2.hm.com/hmgoepprod?set=source[/a2/28/a2282e0d0ccac3dcf7e823caf4feaad2b56a9a96.jpg],origin[dam],category[ladies_shirtsblouses_blouses],type[LOOKBOOK],res[y],hmver[1]&call=url[file:/product/main]",V-neck buttoned blouse,https://www2.hm.com/en_asia1/productpage.0671505001.html,HK$199.00,
Shirts & Blouses,https://www2.hm.com/en_asia1/ladies/shop-by-product/shirts-and-blouses.html,"https://lp2.hm.com/hmgoepprod?set=source[/89/87/89873eb66f98ccfb62de80992fb75559a0989d8c.jpg],origin[dam],category[ladies_shirtsblouses_blouses],type[LOOKBOOK],res[y],hmver[1]&call=url[file:/product/main]",Blouse with lace,https://www2.hm.com/en_asia1/productpage.0673447002.html,HK$399.00,
Shirts & Blouses,https://www2.hm.com/en_asia1/ladies/shop-by-product/shirts-and-blouses.html,"https://lp2.hm.com/hmgoepprod?set=source[/53/9f/539f0d849ae60329a1c2533030f914363a7e8ba1.jpg],origin[dam],category[],type[LOOKBOOK],res[y],hmver[1]&call=url[file:/product/main]",Cotton blouse with lace,https://www2.hm.com/en_asia1/productpage.0685196001.html,HK$699.00,
Shirts & Blouses,https://www2.hm.com/en_asia1/ladies/shop-by-product/shirts-and-blouses.html,"https://lp2.hm.com/hmgoepprod?set=source[/10/c9/10c95954115bf977702fb1c8953a37116c7f1a77.jpg],origin[dam],category[],type[DESCRIPTIVESTILLLIFE],res[y],hmver[1]&call=url[file:/product/main]",Wide cotton shirt,https://www2.hm.com/en_asia1/productpage.0615697002.html,HK$699.00,
Shirts & Blouses,https://www2.hm.com/en_asia1/ladies/shop-by-product/shirts-and-blouses.html,"https://lp2.hm.com/hmgoepprod?set=source[/9d/6e/9d6ed072c25d9887f06104c8c21b0da3e73dbdb0.jpg],origin[dam],category[],type[LOOKBOOK],res[y],hmver[1]&call=url[file:/product/main]",Blouse with ties,https://www2.hm.com/en_asia1/productpage.0686744001.html,HK$699.00,
Shirts & Blouses,https://www2.hm.com/en_asia1/ladies/shop-by-product/shirts-and-blouses.html,"https://lp2.hm.com/hmgoepprod?set=source[/e1/6f/e16f377b5825bda9d06d8c626f621ce1364deef4.jpg],origin[dam],category[],type[LOOKBOOK],res[y],hmver[1]&call=url[file:/product/main]",Tie-detail silk blouse,https://www2.hm.com/en_asia1/productpage.0671015002.html,HK$899.00,PREMIUM QUALITY
Shirts & Blouses,https://www2.hm.com/en_asia1/ladies/shop-by-product/shirts-and-blouses.html,"https://lp2.hm.com/hmgoepprod?set=source[/6c/28/6c28c717c5b5539588ae85a939a3fe6cd9456e31.jpg],origin[dam],category[ladies_shirtsblouses_blouses],type[LOOKBOOK],res[y],hmver[1]&call=url[file:/product/main]",V-neck blouse with a flounce,https://www2.hm.com/en_asia1/productpage.0652367002.html,HK$199.00,
Shirts & Blouses,https://www2.hm.com/en_asia1/ladies/shop-by-product/shirts-and-blouses.html,"https://lp2.hm.com/hmgoepprod?set=source[/15/92/1592961e4dc0abc887e7810d0f45bd38db13e4bd.jpg],origin[dam],category[],type[LOOKBOOK],res[y],hmver[1]&call=url[file:/product/main]",Cotton poplin shirt,https://www2.hm.com/en_asia1/productpage.0683549001.html,HK$599.00,PREMIUM QUALITY
Shirts & Blouses,https://www2.hm.com/en_asia1/ladies/shop-by-product/shirts-and-blouses.html,"https://lp2.hm.com/hmgoepprod?set=source[/f3/b4/f3b403c204ef3201948501e739a336fd4ce442b2.jpg],origin[dam],category[ladies_shirtsblouses_blouses],type[LOOKBOOK],res[y],hmver[1]&call=url[file:/product/main]",Satin blouse,https://www2.hm.com/en_asia1/productpage.0662344002.html,HK$199.00,
Shirts & Blouses,https://www2.hm.com/en_asia1/ladies/shop-by-product/shirts-and-blouses.html,"https://lp2.hm.com/hmgoepprod?set=source[/a5/95/a595a5c0f5311ed2529bf27a6378efb41623e6a4.jpg],origin[dam],category[ladies_shirtsblouses_blouses],type[LOOKBOOK],res[y],hmver[1]&call=url[file:/product/main]",V-neck blouse,https://www2.hm.com/en_asia1/productpage.0621989001.html,HK$199.00,
Shirts & Blouses,https://www2.hm.com/en_asia1/ladies/shop-by-product/shirts-and-blouses.html,"https://lp2.hm.com/hmgoepprod?set=source[/10/52/1052ccedb26e86f55ee0889a6b7e45a8c6f3fd60.jpg],origin[dam],category[ladies_shirtsblouses_blouses],type[DESCRIPTIVESTILLLIFE],res[y],hmver[1]&call=url[file:/product/main]",Blouse with smocking,https://www2.hm.com/en_asia1/productpage.0700125001.html,HK$199.00,
Shirts & Blouses,https://www2.hm.com/en_asia1/ladies/shop-by-product/shirts-and-blouses.html,"https://lp2.hm.com/hmgoepprod?set=source[/9d/81/9d8176f390e0152de821d72a2913a6f9bf79bb92.jpg],origin[dam],category[],type[LOOKBOOK],res[y],hmver[1]&call=url[file:/product/main]",Cotton blouse with lace,https://www2.hm.com/en_asia1/productpage.0705887001.html,HK$449.00,
Shirts & Blouses,https://www2.hm.com/en_asia1/ladies/shop-by-product/shirts-and-blouses.html,"https://lp2.hm.com/hmgoepprod?set=source[/63/ee/63ee9613d1b21baeb22952dee605929353292332.jpg],origin[dam],category[ladies_shirtsblouses_shirts],type[LOOKBOOK],res[y],hmver[1]&call=url[file:/product/main]",Long shirt,https://www2.hm.com/en_asia1/productpage.0301656018.html,HK$299.00,
Shirts & Blouses,https://www2.hm.com/en_asia1/ladies/shop-by-product/shirts-and-blouses.html,"https://lp2.hm.com/hmgoepprod?set=source[/70/7c/707c6c184d5df8a993f9c71de1f737f5a305e493.jpg],origin[dam],category[ladies_shirtsblouses_blouses],type[DESCRIPTIVESTILLLIFE],res[y],hmver[1]&call=url[file:/product/main]",V-neck cotton shirt,https://www2.hm.com/en_asia1/productpage.0631473001.html,HK$399.00,
Shirts & Blouses,https://www2.hm.com/en_asia1/ladies/shop-by-product/shirts-and-blouses.html,,Checked shirt,https://www2.hm.com/en_asia1/productpage.0625818001.html,HK$199.00,
Shirts & Blouses,https://www2.hm.com/en_asia1/ladies/shop-by-product/shirts-and-blouses.html,,Embroidered blouse,https://www2.hm.com/en_asia1/productpage.0690783003.html,HK$399.00,
Shirts & Blouses,https://www2.hm.com/en_asia1/ladies/shop-by-product/shirts-and-blouses.html,,Blouse with lace,https://www2.hm.com/en_asia1/productpage.0691268003.html,HK$399.00,
Shirts & Blouses,https://www2.hm.com/en_asia1/ladies/shop-by-product/shirts-and-blouses.html,,Cr’épe blouse,https://www2.hm.com/en_asia1/productpage.0640539001.html,HK$249.00,
Shirts & Blouses,https://www2.hm.com/en_asia1/ladies/shop-by-product/shirts-and-blouses.html,,Trumpet-sleeved blouse,https://www2.hm.com/en_asia1/productpage.0673990001.html,HK$249.00,
Shirts & Blouses,https://www2.hm.com/en_asia1/ladies/shop-by-product/shirts-and-blouses.html,,Blouse with lace,https://www2.hm.com/en_asia1/productpage.0685150002.html,HK$299.00,
Shirts & Blouses,https://www2.hm.com/en_asia1/ladies/shop-by-product/shirts-and-blouses.html,,Flounced blouse,https://www2.hm.com/en_asia1/productpage.0675359001.html,HK$249.00,
Shirts & Blouses,https://www2.hm.com/en_asia1/ladies/shop-by-product/shirts-and-blouses.html,,Patterned blouse,https://www2.hm.com/en_asia1/productpage.0688750001.html,HK$99.90,
Shirts & Blouses,https://www2.hm.com/en_asia1/ladies/shop-by-product/shirts-and-blouses.html,,Cold shoulder blouse,https://www2.hm.com/en_asia1/productpage.0620625003.html,HK$249.00,
Shirts & Blouses,https://www2.hm.com/en_asia1/ladies/shop-by-product/shirts-and-blouses.html,,Cold shoulder blouse,https://www2.hm.com/en_asia1/productpage.0620625001.html,HK$249.00,
Shirts & Blouses,https://www2.hm.com/en_asia1/ladies/shop-by-product/shirts-and-blouses.html,,V-neck blouse with a flounce,https://www2.hm.com/en_asia1/productpage.0652367003.html,HK$199.00,
Shirts & Blouses,https://www2.hm.com/en_asia1/ladies/shop-by-product/shirts-and-blouses.html,,Blouse with smocking,https://www2.hm.com/en_asia1/productpage.0700125002.html,HK$199.00,
Shirts & Blouses,https://www2.hm.com/en_asia1/ladies/shop-by-product/shirts-and-blouses.html,,V-neck blouse,https://www2.hm.com/en_asia1/productpage.0639054001.html,HK$199.00,
Shirts & Blouses,https://www2.hm.com/en_asia1/ladies/shop-by-product/shirts-and-blouses.html,,Sleeveless blouse,https://www2.hm.com/en_asia1/productpage.0512027002.html,HK$249.00,
Shirts & Blouses,https://www2.hm.com/en_asia1/ladies/shop-by-product/shirts-and-blouses.html,,V-neck blouse,https://www2.hm.com/en_asia1/productpage.0639091005.html,HK$199.00,
Shirts & Blouses,https://www2.hm.com/en_asia1/ladies/shop-by-product/shirts-and-blouses.html,,Cotton blouse with lace,https://www2.hm.com/en_asia1/productpage.0666328001.html,HK$299.00,